{
    "tiles": [
        2
    ],
    "tilePosition": [
        {
            "x": -3,
            "y": -12,
            "z": 0
        }
    ],
    "prefabs": [
        3,
        3
    ],
    "prefabPosition": [
        {
            "x": 2.1433327198028566,
            "y": -42.47333908081055
        },
        {
            "x": 11.89333438873291,
            "y": -36.556671142578128
        }
    ]
}