{
    "tiles": [],
    "tilePosition": [],
    "prefabs": [
        8
    ],
    "prefabPosition": [
        {
            "x": 5.948888301849365,
            "y": -38.056671142578128
        }
    ]
}