{
    "tiles": [],
    "pos": [],
    "prefabs": [
        3
    ],
    "prefabsPosition": [
        {
            "x": 4.754444122314453,
            "y": -39.917781829833987
        }
    ]
}