{
    "tiles": [],
    "tilePosition": [],
    "prefabs": [
        4,
        4,
        4
    ],
    "prefabPosition": [
        {
            "x": -1.777111530303955,
            "y": -36.98844909667969
        },
        {
            "x": 0.840665340423584,
            "y": -37.02289581298828
        },
        {
            "x": 2.3562211990356447,
            "y": -36.98844909667969
        }
    ]
}