{
    "tiles": [
        2,
        2
    ],
    "tilePosition": [
        {
            "x": -3,
            "y": -11,
            "z": 0
        },
        {
            "x": -2,
            "y": -11,
            "z": 0
        }
    ],
    "prefabs": [
        3
    ],
    "prefabPosition": [
        {
            "x": 0.4766654968261719,
            "y": -42.61222839355469
        }
    ]
}