{
    "tiles": [],
    "tilePosition": [],
    "prefabs": [
        8,
        4
    ],
    "prefabPosition": [
        {
            "x": 5.504444122314453,
            "y": -38.91778564453125
        },
        {
            "x": 1.504443645477295,
            "y": -40.91778564453125
        }
    ]
}