{
    "tiles": [
        2,
        2
    ],
    "tilePosition": [
        {
            "x": -3,
            "y": -16,
            "z": 0
        },
        {
            "x": -2,
            "y": -16,
            "z": 0
        }
    ],
    "prefabs": [
        3,
        3
    ],
    "prefabPosition": [
        {
            "x": -0.10666847229003906,
            "y": -51.667789459228519
        },
        {
            "x": 2.337775707244873,
            "y": -51.33445358276367
        }
    ]
}