{
    "tiles": [],
    "tilePosition": [],
    "prefabs": [
        9,
        9
    ],
    "prefabPosition": [
        {
            "x": 0.6833333969116211,
            "y": -37.16666793823242
        },
        {
            "x": -3.525000810623169,
            "y": -35.16666793823242
        }
    ]
}